title,ingredients,time_min,steps
Banana Milk Smoothie,"banana, milk, honey",5,"Peel the banana and add it to a blender.|Add milk and honey.|Blend 30 seconds until smooth.|Pour and serve cold."
Apple Honey Snack Plate,"apple, honey",5,"Wash and slice the apple thin.|Arrange on a plate.|Drizzle with honey."
Fresh Orange Juice,"orange",10,"Halve the oranges.|Squeeze with a juicer.|Strain out the seeds and serve over ice."
Roasted Carrots with Honey,"carrot, honey, olive oil, salt",30,"Heat oven to 425F.|Toss carrot sticks with olive oil, salt, and honey.|Roast 25 minutes, turning once."
Broccoli Stir Fry,"broccoli, olive oil, salt, pepper",15,"Cut broccoli into small florets.|Heat olive oil in a pan over high heat.|Stir fry 5 minutes until bright green.|Season with salt and pepper."
Carrot Orange Salad,"carrot, orange, honey",15,"Grate the carrots.|Segment the orange.|Toss with honey and a pinch of salt."
Apple Carrot Slaw,"apple, carrot, honey, olive oil, salt",15,"Julienne the apple and carrot.|Whisk honey, olive oil, and salt.|Toss and rest 10 minutes."
Broccoli Milk Soup,"broccoli, milk, butter, salt, pepper",25,"Steam broccoli until tender.|Warm milk with butter in a pot.|Blend the broccoli into the milk.|Simmer 5 minutes and season."
Banana Pancakes,"banana, flour, milk, sugar, butter",20,"Mash the banana in a bowl.|Stir in flour, milk, and sugar.|Cook ladles of batter in butter, 2 minutes per side."
Cinnamon Apple Bites,"apple, flour, butter, sugar, cinnamon",35,"Dice the apple.|Toss with sugar and cinnamon.|Wrap spoonfuls in thin squares of dough.|Bake at 375F for 20 minutes."
Warm Banana Milk,"banana, milk, honey",10,"Warm the milk gently.|Mash in half a banana.|Stir in honey and serve warm."
Orange Banana Fruit Salad,"orange, banana, honey",10,"Segment the orange.|Slice the banana.|Toss gently with honey."
Steamed Broccoli with Butter,"broccoli, butter, salt",12,"Steam the florets for 6 minutes.|Toss with melted butter and salt."
Honey Glazed Carrots,"carrot, honey, butter, salt",20,"Slice carrots into coins.|Simmer in a little water for 8 minutes.|Drain, add butter and honey, glaze 3 minutes."
Warm Apple Banana Mash,"apple, banana, cinnamon",10,"Dice the apple and cook 5 minutes until soft.|Mash with the banana.|Dust with cinnamon."
Broccoli Carrot Medley,"broccoli, carrot, olive oil, salt, pepper",20,"Cut both into bite-size pieces.|Steam 8 minutes.|Toss with olive oil, salt, and pepper."
Orange Glazed Carrots,"carrot, orange, honey, butter",20,"Juice the orange.|Simmer carrot coins in the juice 10 minutes.|Add butter and honey and reduce to a glaze."
Banana Honey Toast,"banana, bread, honey, butter",10,"Toast the bread.|Spread with butter.|Top with banana slices and honey."
Apple Honey Toast,"apple, bread, honey, butter",10,"Toast the bread.|Spread with butter.|Top with thin apple slices and honey."
Grilled Hot Dog,"hot dog, bread",15,"Simmer the hot dogs 5 minutes.|Toast the buns.|Assemble and add condiments."
Hot Dog with Glazed Carrots,"hot dog, bread, carrot, honey, butter",25,"Glaze sliced carrots with honey and butter.|Simmer the hot dogs.|Serve together in toasted buns."
Broccoli Apple Salad,"broccoli, apple, honey, olive oil, salt",15,"Chop broccoli small and dice the apple.|Whisk honey, olive oil, and salt.|Toss and chill 10 minutes."
Carrot Apple Juice,"carrot, apple",15,"Chop both roughly.|Juice or blend with water and strain.|Serve over ice."
Banana Orange Smoothie,"banana, orange, honey",5,"Segment the orange.|Add banana and honey to a blender.|Blend until smooth."
Apple Oat Breakfast,"apple, milk, honey, cinnamon",10,"Warm the milk.|Dice the apple small.|Combine, top with honey and cinnamon."
Mashed Carrots,"carrot, butter, milk, salt, pepper",25,"Boil carrot chunks 15 minutes.|Drain and mash.|Stir in butter, milk, salt, and pepper."
Cinnamon Baked Apples,"apple, honey, cinnamon, butter",30,"Core the apples.|Fill with honey, cinnamon, and butter.|Bake at 375F for 25 minutes."
Banana Cinnamon Snack,"banana, cinnamon, honey",5,"Slice the banana.|Dust with cinnamon and drizzle honey."
Roasted Broccoli,"broccoli, olive oil, salt, pepper",25,"Toss florets with olive oil and salt.|Roast at 425F for 20 minutes until crisp at the edges."
Carrot Fries,"carrot, olive oil, salt, pepper",30,"Cut carrots into fry shapes.|Toss with olive oil and salt.|Roast at 425F for 25 minutes."
Apple Butter Toast,"apple, bread, butter, cinnamon, sugar",15,"Cook diced apple with butter, sugar, and cinnamon 10 minutes.|Mash onto toasted bread."
Orange Carrot Slaw,"carrot, orange, olive oil, salt",15,"Grate the carrot.|Segment the orange.|Toss with olive oil and salt."
Milk and Honey Warmer,"milk, honey, cinnamon",5,"Warm the milk.|Stir in honey and a pinch of cinnamon."
Leftover Pizza Refresh,"pizza, olive oil",10,"Heat a pan over medium heat.|Warm the pizza slice 3 minutes.|Drizzle with olive oil and serve."
Cake with Warm Milk,"cake, milk",5,"Warm the milk.|Serve a slice of cake alongside."
Broccoli Stalk Soup,"broccoli, milk, butter, salt",25,"Peel and chop the broccoli stalks.|Simmer in milk 15 minutes.|Blend with butter and salt."
Caramelized Bananas,"banana, butter, sugar, honey",10,"Slice bananas thick.|Melt butter with sugar in a pan.|Caramelize 2 minutes per side.|Drizzle with honey."
Apple Cinnamon Milk,"apple, milk, cinnamon, honey",10,"Warm the milk with cinnamon.|Grate in half an apple.|Sweeten with honey and strain."
Orange Broccoli Toss,"broccoli, orange, olive oil, salt",15,"Steam broccoli 5 minutes.|Toss with orange segments, olive oil, and salt."
