item,fridge_days,ready_to_eat,tip
apple,21,0,Store unwashed in the crisper drawer.
banana,5,0,Refrigerate once ripe to slow browning; the peel may darken but the fruit stays fine.
orange,21,0,Keeps for weeks in the crisper drawer.
broccoli,5,0,Keep dry in a loosely closed bag; wash right before use.
carrot,21,0,Trim the greens and store in a bag with a damp paper towel.
sandwich,3,1,Wrap tightly; eat within 3 days.
pizza,4,1,Refrigerate within 2 hours; reheat in a hot pan for a crisp crust.
donut,3,1,Best fresh; keep in a sealed container.
cake,5,1,Cover tightly so it does not dry out.
hot dog,7,0,Keep sealed; freeze for longer storage.
bottle,7,0,Milk and juice: store at the back of the fridge, not in the door.
cup,2,0,Depends on the contents; when in doubt, 2 days.
bowl,3,0,Cover leftovers tightly; reheat to steaming before eating.
wine glass,1,0,Finish tonight.
